Individual,Peptide,Source File,Scan,Classification,#Spec,Intensity,Area
JY6,AAFAMPLPPHPGHPGYINF,04212017JY6,04212017JY6.17106.17106.3.2.dta,Both,4,10000000,1
JY6,AFAMPLPPHPGHPGYINF,04212017JY6,04212017JY6.17290.17290.3.2.dta,Both,5,10000000,1
JY6,AMPLPPHPG,04212017JY6,04212017JY6.7662.7662.2.0.dta,Both,1,10000000,1
JY6,CLVGAAFAMPLPPHPGHPGYINF,04212017JY6,04212017JY6.17123.17123.3.0.dta,AMELY-unique,1,10000000,1
JY6,EAWPSTDK,04212017JY6,04212017JY6.8508.8508.2.0.dta,AMELX-unique,1,10000000,1
JY6,EVLTPLKWYQ,04212017JY6,04212017JY6.20302.20302.2.0.dta,Both,4,10000000,1
JY6,EVLTPLKWYQSIRPPYP,04212017JY6,04212017JY6.23498.23498.2.0.dta,AMELX-unique,1,10000000,1
JY6,FSYEVLTPLK,04212017JY6,04212017JY6.19371.19371.2.0.dta,Both,2,10000000,1
JY6,GHPGYINF,04212017JY6,04212017JY6.14902.14902.2.0.dta,Both,2,10000000,1
JY6,GWLHHQIIP,04212017JY6,04212017JY6.17105.17105.2.1.dta,Both,1,10000000,1
JY6,GWLHHQIIPVL,04212017JY6,04212017JY6.20939.20939.2.0.dta,AMELX-unique,6,10000000,1
JY6,GWLHHQIIPVLS,04212017JY6,04212017JY6.20184.20184.2.0.dta,AMELX-unique,1,10000000,1
JY6,GYEPMGGWLHH,04212017JY6,04212017JY6.13188.13188.2.1.dta,Both,2,10000000,1
JY6,HHQIIPVLS,04212017JY6,04212017JY6.15614.15614.2.0.dta,AMELX-unique,1,10000000,1
JY6,HIPVVPAQ,04212017JY6,04212017JY6.11962.11962.2.0.dta,Both,1,10000000,1
JY6,HPGHPGYI,04212017JY6,04212017JY6.7207.7207.2.0.dta,Both,1,10000000,1
JY6,HPGHPGYINF,04212017JY6,04212017JY6.14335.14335.2.0.dta,Both,4,10000000,1
JY6,HPGYIN,04212017JY6,04212017JY6.6873.6873.2.0.dta,Both,1,10000000,1
JY6,HQIIPVL,04212017JY6,04212017JY6.18660.18660.2.0.dta,AMELX-unique,1,10000000,1
JY6,HQIIPVLSQQHPPTH,04212017JY6,04212017JY6.14873.14873.3.0.dta,AMELX-unique,2,10000000,1
JY6,INFSYEVLTPLK,04212017JY6,04212017JY6.21050.21050.2.0.dta,Both,1,10000000,1
JY6,IRPPYP,04212017JY6,04212017JY6.11874.11874.2.0.dta,AMELX-unique,1,10000000,1
JY6,IRPPYPSYG,04212017JY6,04212017JY6.12164.12164.2.0.dta,AMELX-unique,1,10000000,1
JY6,IRPPYPSYGY,04212017JY6,04212017JY6.15175.15175.2.1.dta,AMELX-unique,1,10000000,1
JY6,IRPPYPSYGYE,04212017JY6,04212017JY6.14808.14808.2.0.dta,AMELX-unique,1,10000000,1
JY6,IRPPYPSYGYEPM,04212017JY6,04212017JY6.14806.14806.2.0.dta,AMELX-unique,11,10000000,1
JY6,IRPPYPSYGYEPMG,04212017JY6,04212017JY6.14690.14690.2.0.dta,AMELX-unique,12,10000000,1
JY6,IRPPYPSYGYEPMGG,04212017JY6,04212017JY6.14967.14967.2.0.dta,AMELX-unique,8,10000000,1
JY6,IRPPYPSYGYEPMGGW,04212017JY6,04212017JY6.19065.19065.2.0.dta,AMELX-unique,2,10000000,1
JY6,KWYQSIRPPYP,04212017JY6,04212017JY6.17676.17676.2.0.dta,AMELX-unique,3,10000000,1
JY6,LEAWPSTDK,04212017JY6,04212017JY6.12212.12212.2.0.dta,AMELX-unique,1,10000000,1
JY6,LHHQIIPVL,04212017JY6,04212017JY6.17753.17753.2.0.dta,AMELX-unique,2,10000000,1
JY6,LHHQIIPVLS,04212017JY6,04212017JY6.16410.16410.2.1.dta,AMELX-unique,1,10000000,1
JY6,LHHQIIPVLSQQHPPTH,04212017JY6,04212017JY6.14343.14343.4.0.dta,AMELX-unique,1,10000000,1
JY6,LKWYQSIRPPYP,04212017JY6,04212017JY6.19555.19555.2.0.dta,AMELX-unique,3,10000000,1
JY6,LPPHPG,04212017JY6,04212017JY6.7029.7029.2.0.dta,Both,6,10000000,1
JY6,LPPHPGH,04212017JY6,04212017JY6.4290.4290.2.0.dta,Both,2,10000000,1
JY6,LPPHPGHP,04212017JY6,04212017JY6.7720.7720.2.2.dta,Both,5,10000000,1
JY6,LPPHPGHPG,04212017JY6,04212017JY6.6964.6964.2.1.dta,Both,12,10000000,1
JY6,LPPHPGHPGY,04212017JY6,04212017JY6.7905.7905.2.0.dta,Both,12,10000000,1
JY6,LPPHPGHPGYI,04212017JY6,04212017JY6.11291.11291.2.0.dta,Both,6,10000000,1
JY6,LPPHPGHPGYIN,04212017JY6,04212017JY6.10720.10720.2.0.dta,Both,24,10000000,1
JY6,LPPHPGHPGYINF,04212017JY6,04212017JY6.17010.17010.2.1.dta,Both,51,10000000,1
JY6,LPPHPGHPGYINFS,04212017JY6,04212017JY6.15171.15171.3.0.dta,Both,1,10000000,1
JY6,LPPHPGHPGYINFSYEVLTPLK,04212017JY6,04212017JY6.20845.20845.3.0.dta,Both,13,10000000,1
JY6,LTLEAWPSTDK,04212017JY6,04212017JY6.17699.17699.2.0.dta,AMELX-unique,1,10000000,1
JY6,LTPLKWYQ,04212017JY6,04212017JY6.18385.18385.2.0.dta,Both,2,10000000,1
JY6,MPLPPH,04212017JY6,04212017JY6.5964.5964.2.0.dta,Both,4,10000000,1
JY6,MPLPPHP,04212017JY6,04212017JY6.9072.9072.2.0.dta,Both,13,10000000,1
JY6,MPLPPHPG,04212017JY6,04212017JY6.8448.8448.2.0.dta,Both,19,10000000,1
JY6,MPLPPHPGH,04212017JY6,04212017JY6.7653.7653.2.0.dta,Both,29,10000000,1
JY6,MPLPPHPGHP,04212017JY6,04212017JY6.8435.8435.2.0.dta,Both,24,10000000,1
JY6,MPLPPHPGHPG,04212017JY6,04212017JY6.7456.7456.2.0.dta,Both,45,10000000,1
JY6,MPLPPHPGHPGY,04212017JY6,04212017JY6.10152.10152.2.0.dta,Both,15,10000000,1
JY6,MPLPPHPGHPGYI,04212017JY6,04212017JY6.12771.12771.3.0.dta,Both,2,10000000,1
JY6,MPLPPHPGHPGYIN,04212017JY6,04212017JY6.11729.11729.2.0.dta,Both,29,10000000,1
JY6,MPLPPHPGHPGYINF,04212017JY6,04212017JY6.17170.17170.2.0.dta,Both,86,10000000,1
JY6,MPLPPHPGHPGYINFSYEVLT,04212017JY6,04212017JY6.17025.17025.3.2.dta,Both,4,10000000,1
JY6,MPLPPHPGHPGYINFSYEVLTPLK,04212017JY6,04212017JY6.20920.20920.4.0.dta,Both,7,10000000,1
JY6,PGHPGYIN,04212017JY6,04212017JY6.7496.7496.2.0.dta,Both,4,10000000,1
JY6,PGHPGYINF,04212017JY6,04212017JY6.15072.15072.2.0.dta,Both,5,10000000,1
JY6,PHPGHP,04212017JY6,04212017JY6.5668.5668.2.0.dta,Both,2,10000000,1
JY6,PHPGHPG,04212017JY6,04212017JY6.5248.5248.2.0.dta,Both,5,10000000,1
JY6,PHPGHPGY,04212017JY6,04212017JY6.3974.3974.2.0.dta,Both,1,10000000,1
JY6,PHPGHPGYI,04212017JY6,04212017JY6.7736.7736.2.0.dta,Both,1,10000000,1
JY6,PHPGHPGYIN,04212017JY6,04212017JY6.7241.7241.2.0.dta,Both,4,10000000,1
JY6,PHPGHPGYINF,04212017JY6,04212017JY6.13547.13547.2.0.dta,Both,22,10000000,1
JY6,PLPPHPGHP,04212017JY6,04212017JY6.7160.7160.2.0.dta,Both,3,10000000,1
JY6,PLPPHPGHPG,04212017JY6,04212017JY6.7564.7564.2.0.dta,Both,1,10000000,1
JY6,PLPPHPGHPGYIN,04212017JY6,04212017JY6.11460.11460.2.0.dta,Both,1,10000000,1
JY6,PLPPHPGHPGYINF,04212017JY6,04212017JY6.17291.17291.2.0.dta,Both,8,10000000,1
JY6,PMMPVPGQH,04212017JY6,04212017JY6.5490.5490.2.0.dta,AMELX-unique,4,10000000,1
JY6,PPHPGH,04212017JY6,04212017JY6.4161.4161.2.0.dta,Both,3,10000000,1
JY6,PPHPGHP,04212017JY6,04212017JY6.5585.5585.2.0.dta,Both,1,10000000,1
JY6,PPHPGHPG,04212017JY6,04212017JY6.6522.6522.2.1.dta,Both,9,10000000,1
JY6,PPHPGHPGY,04212017JY6,04212017JY6.7772.7772.2.0.dta,Both,3,10000000,1
JY6,PPHPGHPGYIN,04212017JY6,04212017JY6.7965.7965.2.0.dta,Both,5,10000000,1
JY6,PPHPGHPGYINF,04212017JY6,04212017JY6.14861.14861.2.0.dta,Both,5,10000000,1
JY6,PPLPPMFPM,04212017JY6,04212017JY6.17985.17985.2.0.dta,Both,2,10000000,1
JY6,PPTHTLQPH,04212017JY6,04212017JY6.7042.7042.3.0.dta,AMELX-unique,1,10000000,1
JY6,PPYPSYGYEPM,04212017JY6,04212017JY6.14804.14804.2.0.dta,AMELX-unique,3,10000000,1
JY6,PPYPSYGYEPMG,04212017JY6,04212017JY6.14859.14859.2.0.dta,AMELX-unique,4,10000000,1
JY6,PPYPSYGYEPMGG,04212017JY6,04212017JY6.14717.14717.2.0.dta,AMELX-unique,2,10000000,1
JY6,PQPPVHPM,04212017JY6,04212017JY6.6978.6978.2.0.dta,Both,1,10000000,1
JY6,PQPPVHPMQ,04212017JY6,04212017JY6.7787.7787.2.0.dta,Both,1,10000000,1
JY6,PSYGYEPMG,04212017JY6,04212017JY6.10347.10347.2.0.dta,AMELX-unique,2,10000000,1
JY6,PSYGYEPMGG,04212017JY6,04212017JY6.10230.10230.2.0.dta,AMELX-unique,1,10000000,1
JY6,PVIPQQPMMPVPGQ,04212017JY6,04212017JY6.13869.13869.2.0.dta,AMELX-unique,1,10000000,1
JY6,PVIPQQPMMPVPGQH,04212017JY6,04212017JY6.12428.12428.2.0.dta,AMELX-unique,3,10000000,1
JY6,PYPSYGYEPM,04212017JY6,04212017JY6.13868.13868.2.0.dta,AMELX-unique,3,10000000,1
JY6,PYPSYGYEPMG,04212017JY6,04212017JY6.13852.13852.2.0.dta,AMELX-unique,2,10000000,1
JY6,PYPSYGYEPMGG,04212017JY6,04212017JY6.13650.13650.2.0.dta,AMELX-unique,1,10000000,1
JY6,QAINVDR,04212017JY6,04212017JY6.7107.7107.2.0.dta,Both,1,10000000,1
JY6,QHPPTHTLQPH,04212017JY6,04212017JY6.7797.7797.3.0.dta,AMELX-unique,4,10000000,1
JY6,QIIPVLSQQHPPTH,04212017JY6,04212017JY6.20141.20141.2.0.dta,AMELX-unique,5,10000000,1
JY6,QPMMPVPGQ,04212017JY6,04212017JY6.9892.9892.2.0.dta,AMELX-unique,1,10000000,1
JY6,QPMMPVPGQH,04212017JY6,04212017JY6.8438.8438.2.1.dta,AMELX-unique,2,10000000,1
JY6,QPMQPQPPVH,04212017JY6,04212017JY6.11307.11307.2.0.dta,Both,1,10000000,1
JY6,QPMQPQPPVHPM,04212017JY6,04212017JY6.11413.11413.2.0.dta,Both,3,10000000,1
JY6,QPPVHPMQP,04212017JY6,04212017JY6.7863.7863.2.0.dta,Both,1,10000000,1
JY6,QPQPPVH,04212017JY6,04212017JY6.9323.9323.2.0.dta,Both,2,10000000,1
JY6,QPQPPVHP,04212017JY6,04212017JY6.12379.12379.2.0.dta,Both,1,10000000,1
JY6,QPQPVQPQPH,04212017JY6,04212017JY6.10215.10215.2.0.dta,Both,1,10000000,1
JY6,QPVIPQQPMMPVPGQH,04212017JY6,04212017JY6.15656.15656.2.1.dta,AMELX-unique,1,10000000,1
JY6,QQHPPTHTLQP,04212017JY6,04212017JY6.10701.10701.2.0.dta,AMELX-unique,1,10000000,1
JY6,QQHPPTHTLQPH,04212017JY6,04212017JY6.7962.7962.3.0.dta,AMELX-unique,3,10000000,1
JY6,QQHPPTHTLQPHH,04212017JY6,04212017JY6.6966.6966.3.0.dta,AMELX-unique,1,10000000,1
JY6,QSIRPPYPS,04212017JY6,04212017JY6.11930.11930.2.0.dta,AMELX-unique,1,10000000,1
JY6,QSIRPPYPSY,04212017JY6,04212017JY6.14653.14653.2.0.dta,AMELX-unique,6,10000000,1
JY6,QSIRPPYPSYG,04212017JY6,04212017JY6.13590.13590.2.0.dta,AMELX-unique,3,10000000,1
JY6,QSIRPPYPSYGYEPMG,04212017JY6,04212017JY6.18213.18213.2.0.dta,AMELX-unique,3,10000000,1
JY6,RPPYPSYGY,04212017JY6,04212017JY6.12803.12803.2.0.dta,AMELX-unique,1,10000000,1
JY6,RPPYPSYGYEPM,04212017JY6,04212017JY6.13252.13252.2.0.dta,AMELX-unique,3,10000000,1
JY6,RPPYPSYGYEPMG,04212017JY6,04212017JY6.13294.13294.2.0.dta,AMELX-unique,5,10000000,1
JY6,RPPYPSYGYEPMGG,04212017JY6,04212017JY6.13044.13044.2.0.dta,AMELX-unique,3,10000000,1
JY6,RPPYPSYGYEPMGGW,04212017JY6,04212017JY6.17982.17982.2.0.dta,AMELX-unique,1,10000000,1
JY6,SHSQAINVDR,04212017JY6,04212017JY6.5994.5994.2.0.dta,Both,2,10000000,1
JY6,SIRPPYP,04212017JY6,04212017JY6.11936.11936.2.0.dta,AMELX-unique,3,10000000,1
JY6,SIRPPYPS,04212017JY6,04212017JY6.11475.11475.2.0.dta,AMELX-unique,1,10000000,1
JY6,SIRPPYPSY,04212017JY6,04212017JY6.13860.13860.2.0.dta,AMELX-unique,5,10000000,1
JY6,SIRPPYPSYGY,04212017JY6,04212017JY6.15588.15588.2.0.dta,AMELX-unique,3,10000000,1
JY6,SIRPPYPSYGYE,04212017JY6,04212017JY6.15172.15172.2.0.dta,AMELX-unique,3,10000000,1
JY6,SIRPPYPSYGYEP,04212017JY6,04212017JY6.16350.16350.2.0.dta,AMELX-unique,4,10000000,1
JY6,SIRPPYPSYGYEPM,04212017JY6,04212017JY6.15506.15506.2.0.dta,AMELX-unique,14,10000000,1
JY6,SIRPPYPSYGYEPMG,04212017JY6,04212017JY6.15428.15428.2.0.dta,AMELX-unique,15,10000000,1
JY6,SIRPPYPSYGYEPMGG,04212017JY6,04212017JY6.15654.15654.2.0.dta,AMELX-unique,8,10000000,1
JY6,SIRPPYPSYGYEPMGGW,04212017JY6,04212017JY6.19246.19246.2.0.dta,AMELX-unique,12,10000000,1
JY6,SQAINVDR,04212017JY6,04212017JY6.7524.7524.2.0.dta,Both,6,10000000,1
JY6,STDKTKREEVD,04212017JY6,04212017JY6.1600.1600.3.0.dta,AMELX-unique,3,10000000,1
JY6,SYEVLTPLK,04212017JY6,04212017JY6.16021.16021.2.0.dta,Both,4,10000000,1
JY6,SYEVLTPLKWYQ,04212017JY6,04212017JY6.21475.21475.2.0.dta,Both,3,10000000,1
JY6,TALVLTPLK,04212017JY6,04212017JY6.17097.17097.2.0.dta,AMELX-unique,4,10000000,1
JY6,TLEAWPSTDK,04212017JY6,04212017JY6.13348.13348.2.0.dta,AMELX-unique,2,10000000,1
JY6,TLEAWPSTDKTK,04212017JY6,04212017JY6.11918.11918.3.0.dta,AMELX-unique,1,10000000,1
JY6,TLEAWPSTDKTKR,04212017JY6,04212017JY6.10138.10138.3.0.dta,AMELX-unique,2,10000000,1
JY6,TLQPHHHIPVVPAQ,04212017JY6,04212017JY6.11655.11655.3.0.dta,AMELX-unique,2,10000000,1
JY6,TPLKWYQSIRPPYP,04212017JY6,04212017JY6.20251.20251.2.0.dta,AMELX-unique,4,10000000,1
JY6,VLTPLKWYQ,04212017JY6,04212017JY6.18062.18062.2.0.dta,Both,5,10000000,1
JY6,VLTPLKWYQSIRPPYP,04212017JY6,04212017JY6.22175.22175.3.2.dta,AMELX-unique,1,10000000,1
JY6,WLHHQIIPVL,04212017JY6,04212017JY6.20200.20200.2.0.dta,AMELX-unique,5,10000000,1
JY6,WLHHQIIPVLS,04212017JY6,04212017JY6.19450.19450.2.0.dta,AMELX-unique,1,10000000,1
JY6,WPSTDK,04212017JY6,04212017JY6.7085.7085.2.1.dta,AMELX-unique,1,10000000,1
JY6,WPSTDKTKR,04212017JY6,04212017JY6.5025.5025.3.0.dta,AMELX-unique,1,10000000,1
JY6,WPSTDKTKREEVD,04212017JY6,04212017JY6.7794.7794.3.0.dta,AMELX-unique,3,10000000,1
JY6,WYQSIRPPY,04212017JY6,04212017JY6.17864.17864.2.0.dta,AMELX-unique,7,10000000,1
JY6,WYQSIRPPYP,04212017JY6,04212017JY6.18748.18748.2.0.dta,AMELX-unique,30,10000000,1
JY6,WYQSIRPPYPS,04212017JY6,04212017JY6.17908.17908.2.0.dta,AMELX-unique,8,10000000,1
JY6,WYQSIRPPYPSY,04212017JY6,04212017JY6.19062.19062.2.0.dta,AMELX-unique,18,10000000,1
JY6,WYQSIRPPYPSYG,04212017JY6,04212017JY6.18669.18669.2.0.dta,AMELX-unique,16,10000000,1
JY6,WYQSIRPPYPSYGY,04212017JY6,04212017JY6.19701.19701.2.0.dta,AMELX-unique,1,10000000,1
JY6,WYQSIRPPYPSYGYEP,04212017JY6,04212017JY6.19869.19869.2.0.dta,AMELX-unique,1,10000000,1
JY6,WYQSIRPPYPSYGYEPM,04212017JY6,04212017JY6.19511.19511.2.0.dta,AMELX-unique,10,10000000,1
JY6,WYQSIRPPYPSYGYEPMG,04212017JY6,04212017JY6.19261.19261.2.0.dta,AMELX-unique,12,10000000,1
JY6,WYQSIRPPYPSYGYEPMGG,04212017JY6,04212017JY6.19367.19367.2.0.dta,AMELX-unique,4,10000000,1
JY6,WYQSIRPPYPSYGYEPMGGW,04212017JY6,04212017JY6.21151.21151.2.0.dta,AMELX-unique,1,10000000,1
JY6,YENSHSQAINVDR,04212017JY6,04212017JY6.7756.7756.3.0.dta,Both,1,10000000,1
JY6,YEPMGGWLHH,04212017JY6,04212017JY6.12450.12450.2.0.dta,Both,2,10000000,1
JY6,YEPMGGWLHHQ,04212017JY6,04212017JY6.12564.12564.3.0.dta,Both,1,10000000,1
JY6,YEVLTPLK,04212017JY6,04212017JY6.13607.13607.2.0.dta,Both,4,10000000,1
JY6,YEVLTPLKWY,04212017JY6,04212017JY6.21601.21601.2.0.dta,Both,4,10000000,1
JY6,YEVLTPLKWYQ,04212017JY6,04212017JY6.21267.21267.2.0.dta,Both,19,10000000,1
JY6,YEVLTPLKWYQSIRPPYP,04212017JY6,04212017JY6.22801.22801.3.0.dta,AMELX-unique,9,10000000,1
JY6,YEVLTPLKWYQSIRPPYPSY,04212017JY6,04212017JY6.22842.22842.3.0.dta,AMELX-unique,4,10000000,1
JY6,YEVLTPLKWYQSIRPPYPSYG,04212017JY6,04212017JY6.22695.22695.3.0.dta,AMELX-unique,4,10000000,1
JY6,YINFSYEVLTPLK,04212017JY6,04212017JY6.21758.21758.2.0.dta,Both,3,10000000,1
JY6,YQSIRPPYP,04212017JY6,04212017JY6.14447.14447.2.0.dta,AMELX-unique,5,10000000,1
JY6,YQSIRPPYPS,04212017JY6,04212017JY6.13849.13849.2.0.dta,AMELX-unique,8,10000000,1
JY6,YQSIRPPYPSY,04212017JY6,04212017JY6.15919.15919.2.0.dta,AMELX-unique,3,10000000,1
JY6,YQSIRPPYPSYG,04212017JY6,04212017JY6.15546.15546.2.0.dta,AMELX-unique,2,10000000,1
JY6,YQSIRPPYPSYGYEPMG,04212017JY6,04212017JY6.17167.17167.2.0.dta,AMELX-unique,2,10000000,1
